https://en.wikipedia.org/wiki/Apple_I;Apple I
https://en.wikipedia.org/wiki/Apple_I;Apple I
https://en.wikipedia.org/wiki/Apple_II;Apple II
https://en.wikipedia.org/wiki/Apple_II;Apple II
https://en.wikipedia.org/wiki/Disk_II;Disk II
https://en.wikipedia.org/wiki/List_of_Apple_drives;List of Apple drives
https://en.wikipedia.org/wiki/Apple_II_Plus;Apple II Plus
https://en.wikipedia.org/wiki/Apple_II_series;Apple II series
https://en.wikipedia.org/wiki/Apple_II_Plus#Apple_II_Europlus_and_J-Plus;Apple II Plus
https://en.wikipedia.org/wiki/Apple_II_Plus#Apple_II_Europlus_and_J-Plus;Apple II Plus
https://en.wikipedia.org/wiki/Apple_II_Plus#Bell_&_Howell;Apple II Plus
https://en.wikipedia.org/wiki/Disk_II;Disk II
https://en.wikipedia.org/wiki/List_of_Apple_drives;List of Apple drives
https://en.wikipedia.org/wiki/Apple_SilenType;Apple SilenType
https://en.wikipedia.org/wiki/Category:Apple_Inc._printers;Category:Apple Inc. printers
https://en.wikipedia.org/wiki/Apple_III;Apple III
https://en.wikipedia.org/wiki/Apple_III;Apple III
https://en.wikipedia.org/wiki/Novation_CAT;Novation CAT
https://en.wikipedia.org/wiki/Apple_USB_Modem#History;Apple USB Modem
https://en.wikipedia.org/wiki/Centronics;Centronics
https://en.wikipedia.org/wiki/Category:Apple_Inc._printers;Category:Apple Inc. printers
https://en.wikipedia.org/wiki/Apple_Monitor_III;Apple Monitor III
https://en.wikipedia.org/wiki/Apple_displays;Apple displays
https://en.wikipedia.org/wiki/Apple_displays;Apple displays
https://en.wikipedia.org/wiki/Apple_displays;Apple displays
https://en.wikipedia.org/wiki/Disk_III;Disk III
https://en.wikipedia.org/wiki/List_of_Apple_drives;List of Apple drives
https://en.wikipedia.org/wiki/Apple_ProFile;Apple ProFile
https://en.wikipedia.org/wiki/List_of_Apple_drives;List of Apple drives
https://en.wikipedia.org/wiki/Apple_III;Apple III
https://en.wikipedia.org/wiki/Apple_III;Apple III
https://en.wikipedia.org/wiki/Apple_Dot_Matrix_Printer;Apple Dot Matrix Printer
https://en.wikipedia.org/wiki/Category:Apple_Inc._printers;Category:Apple Inc. printers
https://en.wikipedia.org/wiki/Apple_Daisy_Wheel_Printer;Apple Daisy Wheel Printer
https://en.wikipedia.org/wiki/Category:Apple_Inc._printers;Category:Apple Inc. printers
https://en.wikipedia.org/wiki/Apple_IIe;Apple IIe
https://en.wikipedia.org/wiki/Apple_II;Apple II
https://en.wikipedia.org/wiki/Apple_Lisa;Apple Lisa
https://en.wikipedia.org/wiki/Apple_III_Plus;Apple III Plus
https://en.wikipedia.org/wiki/Apple_III;Apple III
https://en.wikipedia.org/wiki/Apple_ImageWriter;Apple ImageWriter
https://en.wikipedia.org/wiki/ImageWriter;ImageWriter
https://en.wikipedia.org/wiki/Apple_Lisa;Apple Lisa
https://en.wikipedia.org/wiki/Macintosh_128K;Macintosh 128K
https://en.wikipedia.org/wiki/Compact_Macintosh;Compact Macintosh
https://en.wikipedia.org/wiki/Macintosh_External_Disk_Drive#400K;Macintosh External Disk Drive
https://en.wikipedia.org/wiki/List_of_Apple_drives;List of Apple drives
https://en.wikipedia.org/wiki/Apple_USB_Modem#History;Apple USB Modem
https://en.wikipedia.org/wiki/Apple_USB_Modem#History;Apple USB Modem
https://en.wikipedia.org/wiki/Apple_IIc;Apple IIc
https://en.wikipedia.org/wiki/Apple_II_series;Apple II series
https://en.wikipedia.org/wiki/Apple_Scribe_Printer;Apple Scribe Printer
https://en.wikipedia.org/wiki/Category:Apple_Inc._printers;Category:Apple Inc. printers
https://en.wikipedia.org/wiki/Apple_Mouse#Apple_Mouse_IIc;Apple Mouse
https://en.wikipedia.org/wiki/Apple_Mouse;Apple Mouse
https://en.wikipedia.org/wiki/Disk_IIc;Disk IIc
https://en.wikipedia.org/wiki/List_of_Apple_drives;List of Apple drives
https://en.wikipedia.org/wiki/Disk_II#UniDisk;Disk II
https://en.wikipedia.org/wiki/List_of_Apple_drives;List of Apple drives
https://en.wikipedia.org/wiki/Apple_410_Color_Plotter;Apple 410 Color Plotter
https://en.wikipedia.org/wiki/Category:Apple_Inc._printers;Category:Apple Inc. printers
https://en.wikipedia.org/wiki/Apple_ImageWriter;Apple ImageWriter
https://en.wikipedia.org/wiki/Category:Apple_Inc._printers;Category:Apple Inc. printers
https://en.wikipedia.org/wiki/Macintosh_512K;Macintosh 512K
https://en.wikipedia.org/wiki/Macintosh_128K#Models;Macintosh 128K
https://en.wikipedia.org/wiki/Apple_displays;Apple displays
https://en.wikipedia.org/wiki/Apple_displays;Apple displays
https://en.wikipedia.org/wiki/Macintosh_XL;Macintosh XL
https://en.wikipedia.org/wiki/Apple_LaserWriter;Apple LaserWriter
https://en.wikipedia.org/wiki/Category:Apple_Inc._printers;Category:Apple Inc. printers
https://en.wikipedia.org/wiki/LocalTalk;LocalTalk
https://en.wikipedia.org/wiki/AppleTalk;AppleTalk
https://en.wikipedia.org/wiki/Apple_IIe#The_Enhanced_IIe;Apple IIe
https://en.wikipedia.org/wiki/Apple_II_series;Apple II series
https://en.wikipedia.org/wiki/Apple_USB_Modem#History;Apple USB Modem
https://en.wikipedia.org/wiki/Apple_ImageWriter_II;Apple ImageWriter II
https://en.wikipedia.org/wiki/Category:Apple_Inc._printers;Category:Apple Inc. printers
https://en.wikipedia.org/wiki/Disk_II#UniDisk;Disk II
https://en.wikipedia.org/wiki/List_of_Apple_drives;List of Apple drives
https://en.wikipedia.org/wiki/Hard_Disk_20;Hard Disk 20
https://en.wikipedia.org/wiki/List_of_Apple_drives;List of Apple drives
https://en.wikipedia.org/wiki/Macintosh_External_Disk_Drive#Apple_UniDisk_3.5;Macintosh External Disk Drive
https://en.wikipedia.org/wiki/List_of_Apple_drives;List of Apple drives
https://en.wikipedia.org/wiki/ColorMonitor_IIe/AppleColor_Composite_Monitor_IIe;ColorMonitor IIe/AppleColor Composite Monitor IIe
https://en.wikipedia.org/wiki/Apple_displays;Apple displays
https://en.wikipedia.org/wiki/Apple_displays;Apple displays
https://en.wikipedia.org/wiki/Apple_displays;Apple displays
https://en.wikipedia.org/wiki/Macintosh_Plus;Macintosh Plus
https://en.wikipedia.org/wiki/Macintosh_External_Disk_Drive#Macintosh_800K_External_Drive;Macintosh External Disk Drive
https://en.wikipedia.org/wiki/List_of_Apple_drives;List of Apple drives
https://en.wikipedia.org/wiki/Category:Apple_Inc._printers;Category:Apple Inc. printers
https://en.wikipedia.org/wiki/Macintosh_512Ke;Macintosh 512Ke
https://en.wikipedia.org/wiki/Apple_IIGS;Apple IIGS
https://en.wikipedia.org/wiki/Apple_II_series;Apple II series
https://en.wikipedia.org/wiki/Apple_IIc#Memory_Expansion_IIc_(ROM_version_‘3’);Apple IIc
https://en.wikipedia.org/wiki/Apple_II_series;Apple II series
https://en.wikipedia.org/wiki/Hard_Disk_20SC;Hard Disk 20SC
https://en.wikipedia.org/wiki/List_of_Apple_drives;List of Apple drives
https://en.wikipedia.org/wiki/Macintosh_External_Disk_Drive#Apple_3.5"_Drive;Macintosh External Disk Drive
https://en.wikipedia.org/wiki/List_of_Apple_drives;List of Apple drives
https://en.wikipedia.org/wiki/Disk_II#UniDisk;Disk II
https://en.wikipedia.org/wiki/List_of_Apple_drives;List of Apple drives
https://en.wikipedia.org/wiki/Apple_displays;Apple displays
https://en.wikipedia.org/wiki/Apple_displays;Apple displays
https://en.wikipedia.org/wiki/Apple_displays;Apple displays
https://en.wikipedia.org/wiki/Apple_displays;Apple displays
https://en.wikipedia.org/wiki/Apple_displays;Apple displays
https://en.wikipedia.org/wiki/Apple_displays;Apple displays
https://en.wikipedia.org/wiki/Macintosh_Plus;Macintosh Plus
https://en.wikipedia.org/wiki/Apple_IIe#The_Platinum_IIe;Apple IIe
https://en.wikipedia.org/wiki/Apple_II_series;Apple II series
https://en.wikipedia.org/wiki/Macintosh_SE;Macintosh SE
https://en.wikipedia.org/wiki/Macintosh_II;Macintosh II
https://en.wikipedia.org/wiki/Macintosh_II_series;Macintosh II series
https://en.wikipedia.org/wiki/AppleColor_High-Resolution_RGB_Monitor;AppleColor High-Resolution RGB Monitor
https://en.wikipedia.org/wiki/Apple_displays;Apple displays
https://en.wikipedia.org/wiki/ImageWriter_LQ;ImageWriter LQ
https://en.wikipedia.org/wiki/Category:Apple_Inc._printers;Category:Apple Inc. printers
https://en.wikipedia.org/wiki/Apple_USB_Modem#History;Apple USB Modem
https://en.wikipedia.org/wiki/Disk_II#Apple_PC_5.25"_Drive;Disk II
https://en.wikipedia.org/wiki/List_of_Apple_drives;List of Apple drives
https://en.wikipedia.org/wiki/Apple_Tape_Backup_40SC;Apple Tape Backup 40SC
https://en.wikipedia.org/wiki/List_of_Apple_drives;List of Apple drives
https://en.wikipedia.org/wiki/LaserWriter;LaserWriter
https://en.wikipedia.org/wiki/Category:Apple_Inc._printers;Category:Apple Inc. printers
https://en.wikipedia.org/wiki/AppleCD_SC;AppleCD SC
https://en.wikipedia.org/wiki/List_of_Apple_drives;List of Apple drives
https://en.wikipedia.org/wiki/Apple_Scanner;Apple Scanner
https://en.wikipedia.org/wiki/Image_scanner;Image scanner
https://en.wikipedia.org/wiki/Apple_IIc_Plus;Apple IIc Plus
https://en.wikipedia.org/wiki/Apple_II_series;Apple II series
https://en.wikipedia.org/wiki/Macintosh_IIx;Macintosh IIx
https://en.wikipedia.org/wiki/Macintosh_II;Macintosh II
https://en.wikipedia.org/wiki/Macintosh_SE/30;Macintosh SE/30
https://en.wikipedia.org/wiki/Macintosh_IIcx;Macintosh IIcx
https://en.wikipedia.org/wiki/Apple_displays;Apple displays
https://en.wikipedia.org/wiki/Apple_displays;Apple displays
https://en.wikipedia.org/wiki/Apple_displays;Apple displays
https://en.wikipedia.org/wiki/Apple_displays;Apple displays
https://en.wikipedia.org/wiki/Apple_displays;Apple displays
https://en.wikipedia.org/wiki/Apple_displays;Apple displays
https://en.wikipedia.org/wiki/Apple_USB_Modem#History;Apple USB Modem
https://en.wikipedia.org/wiki/Macintosh_SE_FDHD;Macintosh SE FDHD
https://en.wikipedia.org/wiki/Superdrive;Superdrive
https://en.wikipedia.org/wiki/List_of_Apple_drives;List of Apple drives
https://en.wikipedia.org/wiki/Macintosh_IIci;Macintosh IIci
https://en.wikipedia.org/wiki/Macintosh_Portable;Macintosh Portable
https://en.wikipedia.org/wiki/Macintosh_Portable;Macintosh Portable
https://en.wikipedia.org/wiki/Apple_IIGS;Apple IIGS
https://en.wikipedia.org/wiki/Apple_II_series;Apple II series
https://en.wikipedia.org/wiki/Macintosh_IIfx;Macintosh IIfx
https://en.wikipedia.org/wiki/Mac_II;Mac II
https://en.wikipedia.org/wiki/LaserWriter;LaserWriter
https://en.wikipedia.org/wiki/Macintosh_LC;Macintosh LC
https://en.wikipedia.org/wiki/Macintosh_LC_family;Macintosh LC family
https://en.wikipedia.org/wiki/Macintosh_Classic;Macintosh Classic
https://en.wikipedia.org/wiki/Macintosh_IIsi;Macintosh IIsi
https://en.wikipedia.org/wiki/Macintosh_Portable;Macintosh Portable
https://en.wikipedia.org/wiki/Macintosh_Portable;Macintosh Portable
https://en.wikipedia.org/wiki/LaserWriter;LaserWriter
https://en.wikipedia.org/wiki/StyleWriter;StyleWriter
https://en.wikipedia.org/wiki/StyleWriter;StyleWriter
https://en.wikipedia.org/wiki/Apple_IIe_Card;Apple IIe Card
https://en.wikipedia.org/wiki/Apple_II_series;Apple II series
https://en.wikipedia.org/wiki/LaserWriter;LaserWriter
https://en.wikipedia.org/wiki/LaserWriter;LaserWriter
https://en.wikipedia.org/wiki/LaserWriter;LaserWriter
https://en.wikipedia.org/wiki/Macintosh_Classic_II;Macintosh Classic II
https://en.wikipedia.org/wiki/Compact_Macintosh;Compact Macintosh
https://en.wikipedia.org/wiki/Quadra_700;Quadra 700
https://en.wikipedia.org/wiki/Macintosh_Quadra;Macintosh Quadra
https://en.wikipedia.org/wiki/Quadra_900;Quadra 900
https://en.wikipedia.org/wiki/PowerBook_100;PowerBook 100
https://en.wikipedia.org/wiki/PowerBook;PowerBook
https://en.wikipedia.org/wiki/PowerBook_140;PowerBook 140
https://en.wikipedia.org/wiki/PowerBook_170;PowerBook 170
https://en.wikipedia.org/wiki/LaserWriter;LaserWriter
https://en.wikipedia.org/wiki/Macintosh_LC_II;Macintosh LC II
https://en.wikipedia.org/wiki/Macintosh_LC_family;Macintosh LC family
https://en.wikipedia.org/wiki/Quadra_950;Quadra 950
https://en.wikipedia.org/wiki/PowerBook_145;PowerBook 145
https://en.wikipedia.org/wiki/Macintosh_Performa;Macintosh Performa
https://en.wikipedia.org/wiki/Macintosh_Performa;Macintosh Performa
https://en.wikipedia.org/wiki/Macintosh_IIvi;Macintosh IIvi
https://en.wikipedia.org/wiki/Macintosh_Performa;Macintosh Performa
https://en.wikipedia.org/wiki/Apple_Performa_Plus_Display;Apple Performa Plus Display
https://en.wikipedia.org/wiki/Macintosh_IIvi;Macintosh IIvi
https://en.wikipedia.org/wiki/Macintosh_IIvx;Macintosh IIvx
https://en.wikipedia.org/wiki/PowerBook_160;PowerBook 160
https://en.wikipedia.org/wiki/PowerBook_180;PowerBook 180
https://en.wikipedia.org/wiki/PowerBook_Duo_210;PowerBook Duo 210
https://en.wikipedia.org/wiki/PowerBook_Duo;PowerBook Duo
https://en.wikipedia.org/wiki/PowerBook_Duo_230;PowerBook Duo 230
https://en.wikipedia.org/wiki/StyleWriter_II;StyleWriter II
https://en.wikipedia.org/wiki/Apple_Color_Printer;Apple Color Printer
https://en.wikipedia.org/wiki/Macintosh_Color_Classic;Macintosh Color Classic
https://en.wikipedia.org/wiki/Macintosh_Performa;Macintosh Performa
https://en.wikipedia.org/wiki/Macintosh_LC_III;Macintosh LC III
https://en.wikipedia.org/wiki/Macintosh_LC_family;Macintosh LC family
https://en.wikipedia.org/wiki/Macintosh_Color_Classic;Macintosh Color Classic
https://en.wikipedia.org/wiki/Quadra_610;Quadra 610
https://en.wikipedia.org/wiki/Macintosh_Centris;Macintosh Centris
https://en.wikipedia.org/wiki/Quadra_650;Quadra 650
https://en.wikipedia.org/wiki/Quadra_800;Quadra 800
https://en.wikipedia.org/wiki/PowerBook_160#PowerBook_165c;PowerBook 160
https://en.wikipedia.org/wiki/LaserWriter;LaserWriter
https://en.wikipedia.org/wiki/LaserWriter;LaserWriter
https://en.wikipedia.org/wiki/Quadra_800;Quadra 800
https://en.wikipedia.org/wiki/Apple_Workgroup_Server;Apple Workgroup Server
https://en.wikipedia.org/wiki/Quadra_950;Quadra 950
https://en.wikipedia.org/wiki/PowerCD;PowerCD
https://en.wikipedia.org/wiki/PowerCD;PowerCD
https://en.wikipedia.org/wiki/PowerCD#AppleDesign_Powered_Speakers;PowerCD
https://en.wikipedia.org/wiki/PowerCD;PowerCD
https://en.wikipedia.org/wiki/Macintosh_Performa;Macintosh Performa
https://en.wikipedia.org/wiki/Macintosh_Performa;Macintosh Performa
https://en.wikipedia.org/wiki/Macintosh_Performa;Macintosh Performa
https://en.wikipedia.org/wiki/PowerBook_145b;PowerBook 145b
https://en.wikipedia.org/wiki/PowerBook_180c;PowerBook 180c
https://en.wikipedia.org/wiki/LaserWriter;LaserWriter
https://en.wikipedia.org/wiki/StyleWriter;StyleWriter
https://en.wikipedia.org/wiki/Macintosh_LC_520;Macintosh LC 520
https://en.wikipedia.org/wiki/Macintosh_LC_family;Macintosh LC family
https://en.wikipedia.org/wiki/Macintosh_Performa;Macintosh Performa
https://en.wikipedia.org/wiki/Quadra_650;Quadra 650
https://en.wikipedia.org/wiki/Quadra_660AV;Quadra 660AV
https://en.wikipedia.org/wiki/Quadra_840AV;Quadra 840AV
https://en.wikipedia.org/wiki/Apple_AudioVision_14_Display;Apple AudioVision 14 Display
https://en.wikipedia.org/wiki/Apple_Newton;Apple Newton
https://en.wikipedia.org/wiki/Apple_Newton;Apple Newton
https://en.wikipedia.org/wiki/PowerBook_160#PowerBook_165;PowerBook 160
https://en.wikipedia.org/wiki/Macintosh_Color_Classic;Macintosh Color Classic
https://en.wikipedia.org/wiki/Macintosh_Performa;Macintosh Performa
https://en.wikipedia.org/wiki/LaserWriter;LaserWriter
https://en.wikipedia.org/wiki/LaserWriter;LaserWriter
https://en.wikipedia.org/wiki/LaserWriter;LaserWriter
https://en.wikipedia.org/wiki/Macintosh_Quadra_605;Macintosh Quadra 605
https://en.wikipedia.org/wiki/Macintosh_Performa;Macintosh Performa
https://en.wikipedia.org/wiki/Macintosh_Performa;Macintosh Performa
https://en.wikipedia.org/wiki/Macintosh_Performa;Macintosh Performa
https://en.wikipedia.org/wiki/Macintosh_Performa_550;Macintosh Performa 550
https://en.wikipedia.org/wiki/Macintosh_Performa;Macintosh Performa
https://en.wikipedia.org/wiki/Macintosh_TV;Macintosh TV
https://en.wikipedia.org/wiki/Macintosh_Color_Classic_II;Macintosh Color Classic II
https://en.wikipedia.org/wiki/Quadra_605;Quadra 605
https://en.wikipedia.org/wiki/Quadra_610;Quadra 610
https://en.wikipedia.org/wiki/Quadra_650;Quadra 650
https://en.wikipedia.org/wiki/PowerBook_Duo_250;PowerBook Duo 250
https://en.wikipedia.org/wiki/PowerBook_Duo_270c;PowerBook Duo 270c
https://en.wikipedia.org/wiki/Apple_Color_Plus_14%22_Display;Apple Color Plus 14" Display
https://en.wikipedia.org/wiki/Macintosh_LC_520;Macintosh LC 520
https://en.wikipedia.org/wiki/Macintosh_Performa;Macintosh Performa
https://en.wikipedia.org/wiki/Macintosh_LC_550;Macintosh LC 550
https://en.wikipedia.org/wiki/Macintosh_LC_family;Macintosh LC family
https://en.wikipedia.org/wiki/Macintosh_LC_575;Macintosh LC 575
https://en.wikipedia.org/wiki/Macintosh_LC_family;Macintosh LC family
https://en.wikipedia.org/wiki/Macintosh_Performa;Macintosh Performa
https://en.wikipedia.org/wiki/StyleWriter;StyleWriter
https://en.wikipedia.org/wiki/Apple_QuickTake;Apple QuickTake
https://en.wikipedia.org/wiki/QuickTake;QuickTake
https://en.wikipedia.org/wiki/Macintosh_Quadra_610;Macintosh Quadra 610
https://en.wikipedia.org/wiki/Macintosh_Quadra;Macintosh Quadra
https://en.wikipedia.org/wiki/Power_Macintosh_6100;Power Macintosh 6100
https://en.wikipedia.org/wiki/Power_Macintosh;Power Macintosh
https://en.wikipedia.org/wiki/Power_Macintosh_7100;Power Macintosh 7100
https://en.wikipedia.org/wiki/Power_Macintosh_8100;Power Macintosh 8100
https://en.wikipedia.org/wiki/Power_Macintosh;Power Macintosh
https://en.wikipedia.org/wiki/Power_Macintosh_6100;Power Macintosh 6100
https://en.wikipedia.org/wiki/Power_Macintosh_8100;Power Macintosh 8100
https://en.wikipedia.org/wiki/Workgroup_Server_9150;Workgroup Server 9150
https://en.wikipedia.org/wiki/PowerBook_500;PowerBook 500
https://en.wikipedia.org/wiki/PowerBook_500;PowerBook 500
https://en.wikipedia.org/wiki/PowerBook_500;PowerBook 500
https://en.wikipedia.org/wiki/PowerBook_500;PowerBook 500
https://en.wikipedia.org/wiki/PowerBook_Duo;PowerBook Duo
https://en.wikipedia.org/wiki/PowerBook_Duo;PowerBook Duo
https://en.wikipedia.org/wiki/Duo_Dock;Duo Dock
https://en.wikipedia.org/wiki/Macintosh_Quadra_630;Macintosh Quadra 630
https://en.wikipedia.org/wiki/Macintosh_Performa;Macintosh Performa
https://en.wikipedia.org/wiki/Quadra_630;Quadra 630
https://en.wikipedia.org/wiki/PowerBook_150;PowerBook 150
https://en.wikipedia.org/wiki/Apple_Multiple_Scan_15_Display;Apple Multiple Scan 15 Display
https://en.wikipedia.org/wiki/StyleWriter;StyleWriter
https://en.wikipedia.org/wiki/LaserWriter;LaserWriter
https://en.wikipedia.org/wiki/Power_Macintosh_6100;Power Macintosh 6100
https://en.wikipedia.org/wiki/Macintosh_Performa;Macintosh Performa
https://en.wikipedia.org/wiki/Power_Macintosh_6100;Power Macintosh 6100
https://en.wikipedia.org/wiki/Power_Macintosh;Power Macintosh
https://en.wikipedia.org/wiki/Macintosh_LC_630;Macintosh LC 630
https://en.wikipedia.org/wiki/Macintosh_LC;Macintosh LC
https://en.wikipedia.org/wiki/Bandai_Pippin;Bandai Pippin
https://en.wikipedia.org/wiki/Bandai_Pippin;Bandai Pippin
https://en.wikipedia.org/wiki/Power_Macintosh_6200;Power Macintosh 6200
https://en.wikipedia.org/wiki/Power_Macintosh_8115;Power Macintosh 8115
https://en.wikipedia.org/wiki/Power_Macintosh;Power Macintosh
https://en.wikipedia.org/wiki/Macintosh_LC_580;Macintosh LC 580
https://en.wikipedia.org/wiki/Macintosh_Performa;Macintosh Performa
https://en.wikipedia.org/wiki/StyleWriter;StyleWriter
https://en.wikipedia.org/wiki/Macintosh_LC_580;Macintosh LC 580
https://en.wikipedia.org/wiki/Macintosh_LC_family;Macintosh LC family
https://en.wikipedia.org/wiki/Power_Macintosh_5200_LC;Power Macintosh 5200 LC
https://en.wikipedia.org/wiki/Power_Macintosh;Power Macintosh
https://en.wikipedia.org/wiki/Macintosh_LC_family;Macintosh LC family
https://en.wikipedia.org/wiki/Power_Macintosh_5200_LC;Power Macintosh 5200 LC
https://en.wikipedia.org/wiki/Macintosh_Performa;Macintosh Performa
https://en.wikipedia.org/wiki/Macintosh_Quadra_630;Macintosh Quadra 630
https://en.wikipedia.org/wiki/Macintosh_Performa;Macintosh Performa
https://en.wikipedia.org/wiki/Macintosh_Quadra_630;Macintosh Quadra 630
https://en.wikipedia.org/wiki/Macintosh_Performa;Macintosh Performa
https://en.wikipedia.org/wiki/Power_Macintosh_5200_LC;Power Macintosh 5200 LC
https://en.wikipedia.org/wiki/Macintosh_Performa;Macintosh Performa
https://en.wikipedia.org/wiki/Power_Macintosh_6200;Power Macintosh 6200
https://en.wikipedia.org/wiki/Macintosh_Performa;Macintosh Performa
https://en.wikipedia.org/wiki/Power_Macintosh_6200;Power Macintosh 6200
https://en.wikipedia.org/wiki/Power_Macintosh;Power Macintosh
https://en.wikipedia.org/wiki/Power_Macintosh_9500;Power Macintosh 9500
https://en.wikipedia.org/wiki/Power_Macintosh;Power Macintosh
https://en.wikipedia.org/wiki/Duo_Dock;Duo Dock
https://en.wikipedia.org/wiki/Macintosh_Performa;Macintosh Performa
https://en.wikipedia.org/wiki/LaserWriter;LaserWriter
https://en.wikipedia.org/wiki/LaserWriter;LaserWriter
https://en.wikipedia.org/wiki/StyleWriter;StyleWriter
https://en.wikipedia.org/wiki/Power_Macintosh_9500;Power Macintosh 9500
https://en.wikipedia.org/wiki/Macintosh_Quadra_630;Macintosh Quadra 630
https://en.wikipedia.org/wiki/Macintosh_Performa;Macintosh Performa
https://en.wikipedia.org/wiki/Power_Macintosh_5200_LC;Power Macintosh 5200 LC
https://en.wikipedia.org/wiki/Macintosh_Performa;Macintosh Performa
https://en.wikipedia.org/wiki/Power_Macintosh_6100;Power Macintosh 6100
https://en.wikipedia.org/wiki/Macintosh_Performa;Macintosh Performa
https://en.wikipedia.org/wiki/Power_Macintosh_6200;Power Macintosh 6200
https://en.wikipedia.org/wiki/Macintosh_Performa;Macintosh Performa
https://en.wikipedia.org/wiki/Power_Macintosh_7200;Power Macintosh 7200
https://en.wikipedia.org/wiki/Power_Macintosh_7500;Power Macintosh 7500
https://en.wikipedia.org/wiki/Power_Macintosh_8500;Power Macintosh 8500
https://en.wikipedia.org/wiki/Apple_Multiple_Scan_14_Display;Apple Multiple Scan 14 Display
https://en.wikipedia.org/wiki/PowerBook_190;PowerBook 190
https://en.wikipedia.org/wiki/PowerBook_5300;PowerBook 5300
https://en.wikipedia.org/wiki/Power_Macintosh_5300_LC;Power Macintosh 5300 LC
https://en.wikipedia.org/wiki/Power_Macintosh;Power Macintosh
https://en.wikipedia.org/wiki/Macintosh_LC_family;Macintosh LC family
https://en.wikipedia.org/wiki/Power_Macintosh_6200;Power Macintosh 6200
https://en.wikipedia.org/wiki/Macintosh_Performa;Macintosh Performa
https://en.wikipedia.org/wiki/PowerBook_Duo_2300c;PowerBook Duo 2300c
https://en.wikipedia.org/wiki/Power_Macintosh_9500;Power Macintosh 9500
https://en.wikipedia.org/wiki/Power_Macintosh;Power Macintosh
https://en.wikipedia.org/wiki/Power_Macintosh_6200;Power Macintosh 6200
https://en.wikipedia.org/wiki/Macintosh_Performa;Macintosh Performa
https://en.wikipedia.org/wiki/Power_Macintosh_5300_LC;Power Macintosh 5300 LC
https://en.wikipedia.org/wiki/Macintosh_Performa;Macintosh Performa
https://en.wikipedia.org/wiki/Power_Macintosh_7200;Power Macintosh 7200
https://en.wikipedia.org/wiki/Power_Macintosh;Power Macintosh
https://en.wikipedia.org/wiki/Power_Macintosh_8500;Power Macintosh 8500
https://en.wikipedia.org/wiki/Power_Macintosh;Power Macintosh
https://en.wikipedia.org/wiki/Power_Macintosh_6200;Power Macintosh 6200
https://en.wikipedia.org/wiki/Macintosh_Performa;Macintosh Performa
https://en.wikipedia.org/wiki/Power_Macintosh_6200;Power Macintosh 6200
https://en.wikipedia.org/wiki/Macintosh_Performa;Macintosh Performa
https://en.wikipedia.org/wiki/Apple_Network_Server_500;Apple Network Server 500
https://en.wikipedia.org/wiki/Apple_Network_Server;Apple Network Server
https://en.wikipedia.org/wiki/Apple_Network_Server_700/150;Apple Network Server 700/150
https://en.wikipedia.org/wiki/Power_Macintosh_5400;Power Macintosh 5400
https://en.wikipedia.org/wiki/Power_Macintosh;Power Macintosh
https://en.wikipedia.org/wiki/StyleWriter;StyleWriter
https://en.wikipedia.org/wiki/StyleWriter;StyleWriter
https://en.wikipedia.org/wiki/Power_Macintosh_7200;Power Macintosh 7200
https://en.wikipedia.org/wiki/Power_Macintosh_8500;Power Macintosh 8500
https://en.wikipedia.org/wiki/Power_Macintosh_5260;Power Macintosh 5260
https://en.wikipedia.org/wiki/Power_Macintosh_5400;Power Macintosh 5400
https://en.wikipedia.org/wiki/Power_Macintosh_7600;Power Macintosh 7600
https://en.wikipedia.org/wiki/Power_Macintosh_5260;Power Macintosh 5260
https://en.wikipedia.org/wiki/Power_Macintosh;Power Macintosh
https://en.wikipedia.org/wiki/Power_Macintosh_5260;Power Macintosh 5260
https://en.wikipedia.org/wiki/Macintosh_Performa;Macintosh Performa
https://en.wikipedia.org/wiki/Power_Macintosh_7200;Power Macintosh 7200
https://en.wikipedia.org/wiki/Power_Macintosh;Power Macintosh
https://en.wikipedia.org/wiki/Power_Macintosh_7200;Power Macintosh 7200
https://en.wikipedia.org/wiki/Power_Macintosh;Power Macintosh
https://en.wikipedia.org/wiki/Power_Macintosh_6200;Power Macintosh 6200
https://en.wikipedia.org/wiki/Macintosh_Performa;Macintosh Performa
https://en.wikipedia.org/wiki/Power_Macintosh_5400;Power Macintosh 5400
https://en.wikipedia.org/wiki/Macintosh_Performa;Macintosh Performa
https://en.wikipedia.org/wiki/LaserWriter;LaserWriter
https://en.wikipedia.org/wiki/Power_Macintosh_6200;Power Macintosh 6200
https://en.wikipedia.org/wiki/Macintosh_Performa;Macintosh Performa
https://en.wikipedia.org/wiki/Power_Macintosh_6300;Power Macintosh 6300
https://en.wikipedia.org/wiki/Power_Macintosh;Power Macintosh
https://en.wikipedia.org/wiki/Power_Macintosh_5400;Power Macintosh 5400
https://en.wikipedia.org/wiki/Macintosh_Performa;Macintosh Performa
https://en.wikipedia.org/wiki/Power_Macintosh_6400;Power Macintosh 6400
https://en.wikipedia.org/wiki/Macintosh_Performa;Macintosh Performa
https://en.wikipedia.org/wiki/Power_Macintosh_6400;Power Macintosh 6400
https://en.wikipedia.org/wiki/Power_Macintosh;Power Macintosh
https://en.wikipedia.org/wiki/LaserWriter;LaserWriter
https://en.wikipedia.org/wiki/Apple_Network_Server_700/200;Apple Network Server 700/200
https://en.wikipedia.org/wiki/Power_Macintosh_6200;Power Macintosh 6200
https://en.wikipedia.org/wiki/Macintosh_Performa;Macintosh Performa
https://en.wikipedia.org/wiki/Power_Macintosh_6360;Power Macintosh 6360
https://en.wikipedia.org/wiki/Macintosh_Performa;Macintosh Performa
https://en.wikipedia.org/wiki/Power_Macintosh_6400;Power Macintosh 6400
https://en.wikipedia.org/wiki/Macintosh_Performa;Macintosh Performa
https://en.wikipedia.org/wiki/Power_Macintosh_5260;Power Macintosh 5260
https://en.wikipedia.org/wiki/Macintosh_Performa;Macintosh Performa
https://en.wikipedia.org/wiki/Power_Macintosh_6400;Power Macintosh 6400
https://en.wikipedia.org/wiki/Macintosh_Performa;Macintosh Performa
https://en.wikipedia.org/wiki/Power_Macintosh_5400;Power Macintosh 5400
https://en.wikipedia.org/wiki/Macintosh_Performa;Macintosh Performa
https://en.wikipedia.org/wiki/Power_Macintosh_4400;Power Macintosh 4400
https://en.wikipedia.org/wiki/Power_Macintosh;Power Macintosh
https://en.wikipedia.org/wiki/PowerBook_1400;PowerBook 1400
https://en.wikipedia.org/wiki/Power_Macintosh_5500;Power Macintosh 5500
https://en.wikipedia.org/wiki/Power_Macintosh_6500;Power Macintosh 6500
https://en.wikipedia.org/wiki/Power_Macintosh_7220;Power Macintosh 7220
https://en.wikipedia.org/wiki/Power_Macintosh;Power Macintosh
https://en.wikipedia.org/wiki/Power_Macintosh_7300;Power Macintosh 7300
https://en.wikipedia.org/wiki/Power_Macintosh_8600;Power Macintosh 8600
https://en.wikipedia.org/wiki/Power_Macintosh_9600;Power Macintosh 9600
https://en.wikipedia.org/wiki/PowerBook_3400;PowerBook 3400
https://en.wikipedia.org/wiki/EMate_300;EMate 300
https://en.wikipedia.org/wiki/Twentieth_Anniversary_Macintosh;Twentieth Anniversary Macintosh
https://en.wikipedia.org/wiki/Power_Macintosh_7300;Power Macintosh 7300
https://en.wikipedia.org/wiki/Power_Macintosh_9600;Power Macintosh 9600
https://en.wikipedia.org/wiki/PowerBook_2400c;PowerBook 2400c
https://en.wikipedia.org/wiki/StyleWriter;StyleWriter
https://en.wikipedia.org/wiki/StyleWriter;StyleWriter
https://en.wikipedia.org/wiki/StyleWriter;StyleWriter
https://en.wikipedia.org/wiki/LaserWriter;LaserWriter
https://en.wikipedia.org/wiki/Apple_ColorSync/AppleVision_750_Display;Apple ColorSync/AppleVision 750 Display
https://en.wikipedia.org/wiki/Power_Macintosh_G3;Power Macintosh G3
https://en.wikipedia.org/wiki/Power_Macintosh_G3;Power Macintosh G3
https://en.wikipedia.org/wiki/PowerBook_G3;PowerBook G3
https://en.wikipedia.org/wiki/PowerBook_G3;PowerBook G3
https://en.wikipedia.org/wiki/Power_Macintosh_G3;Power Macintosh G3
https://en.wikipedia.org/wiki/Power_Macintosh_G3;Power Macintosh G3
https://en.wikipedia.org/wiki/Apple_Workgroup_Server;Apple Workgroup Server
https://en.wikipedia.org/wiki/Apple_Studio_Display;Apple Studio Display
https://en.wikipedia.org/wiki/PowerBook_G3_series;PowerBook G3 series
https://en.wikipedia.org/wiki/PowerBook_G3;PowerBook G3
https://en.wikipedia.org/wiki/IMac_G3;IMac G3
https://en.wikipedia.org/wiki/IMac;IMac
https://en.wikipedia.org/wiki/Power_Macintosh_G3_(Blue_%26_White);Power Macintosh G3 (Blue & White)
https://en.wikipedia.org/wiki/Power_Macintosh_G3_(Blue_%26_White);Power Macintosh G3 (Blue & White)
https://en.wikipedia.org/wiki/PowerBook_G3;PowerBook G3
https://en.wikipedia.org/wiki/IBook;IBook
https://en.wikipedia.org/wiki/IBook;IBook
https://en.wikipedia.org/wiki/AirPort#AirPort_Base_Station;AirPort
https://en.wikipedia.org/wiki/AirPort_(wireless_networking);AirPort (wireless networking)
https://en.wikipedia.org/wiki/Apple_Workgroup_Server;Apple Workgroup Server
https://en.wikipedia.org/wiki/Apple_Cinema_Display;Apple Cinema Display
https://en.wikipedia.org/wiki/Apple_Displays;Apple Displays
https://en.wikipedia.org/wiki/IMac_G3#Slot-loading_model;IMac G3
https://en.wikipedia.org/wiki/Power_Mac_G4;Power Mac G4
https://en.wikipedia.org/wiki/PowerBook_G3;PowerBook G3
https://en.wikipedia.org/wiki/Power_Mac_G4_Cube;Power Mac G4 Cube
https://en.wikipedia.org/wiki/Apple_Cinema_Display;Apple Cinema Display
https://en.wikipedia.org/wiki/Apple_Displays;Apple Displays
https://en.wikipedia.org/wiki/Apple_speakers;Apple speakers
https://en.wikipedia.org/wiki/IBook;IBook
https://en.wikipedia.org/wiki/PowerBook_G4;PowerBook G4
https://en.wikipedia.org/wiki/PowerBook_G4;PowerBook G4
https://en.wikipedia.org/wiki/Power_Mac_G4;Power Mac G4
https://en.wikipedia.org/wiki/Apple_speakers;Apple speakers
https://en.wikipedia.org/wiki/IBook_(white);IBook (white)
https://en.wikipedia.org/wiki/Power_Mac_G4;Power Mac G4
https://en.wikipedia.org/wiki/Apple_Workgroup_Server;Apple Workgroup Server
https://en.wikipedia.org/wiki/IPod_classic#First_generation;IPod classic
https://en.wikipedia.org/wiki/IPod_Classic;IPod Classic
https://en.wikipedia.org/wiki/IMac;IMac
https://en.wikipedia.org/wiki/IBook;IBook
https://en.wikipedia.org/wiki/EMac;EMac
https://en.wikipedia.org/wiki/EMac;EMac
https://en.wikipedia.org/wiki/Xserve;Xserve
https://en.wikipedia.org/wiki/Xserve;Xserve
https://en.wikipedia.org/wiki/IMac_G4;IMac G4
https://en.wikipedia.org/wiki/IPod_classic#Second_generation;IPod classic
https://en.wikipedia.org/wiki/IPod_Classic;IPod Classic
https://en.wikipedia.org/wiki/Power_Macintosh_G4;Power Macintosh G4
https://en.wikipedia.org/wiki/Apple_Workgroup_Server;Apple Workgroup Server
https://en.wikipedia.org/wiki/Aluminum_PowerBook_G4;Aluminum PowerBook G4
https://en.wikipedia.org/wiki/Aluminum_PowerBook_G4;Aluminum PowerBook G4
https://en.wikipedia.org/wiki/Xserve;Xserve
https://en.wikipedia.org/wiki/Xserve;Xserve
https://en.wikipedia.org/wiki/Xserve_RAID;Xserve RAID
https://en.wikipedia.org/wiki/IPod_classic#Third_generation;IPod classic
https://en.wikipedia.org/wiki/IPod_Classic;IPod Classic
https://en.wikipedia.org/wiki/Power_Macintosh_G5;Power Macintosh G5
https://en.wikipedia.org/wiki/Aluminum_PowerBook_G4;Aluminum PowerBook G4
https://en.wikipedia.org/wiki/IBook_G4;IBook G4
https://en.wikipedia.org/wiki/IMac_G4;IMac G4
https://en.wikipedia.org/wiki/Xserve_G5;Xserve G5
https://en.wikipedia.org/wiki/Xserve_G5;Xserve G5
https://en.wikipedia.org/wiki/IPod_Mini;IPod Mini
https://en.wikipedia.org/wiki/Apple_earbuds#iPod_In-Ear_Headphones;Apple earbuds
https://en.wikipedia.org/wiki/IPod#Accessories;IPod
https://en.wikipedia.org/wiki/IPod%2BHP;IPod+HP
https://en.wikipedia.org/wiki/AirPort#AirPort_Express;AirPort
https://en.wikipedia.org/wiki/AirPort_Express;AirPort Express
https://en.wikipedia.org/wiki/Power_Macintosh_G5;Power Macintosh G5
https://en.wikipedia.org/wiki/Apple_displays;Apple displays
https://en.wikipedia.org/wiki/Apple_displays;Apple displays
https://en.wikipedia.org/wiki/Apple_displays;Apple displays
https://en.wikipedia.org/wiki/Apple_displays;Apple displays
https://en.wikipedia.org/wiki/Apple_displays;Apple displays
https://en.wikipedia.org/wiki/Apple_displays;Apple displays
https://en.wikipedia.org/wiki/IPod_classic#Fourth_generation;IPod classic
https://en.wikipedia.org/wiki/IPod_Classic;IPod Classic
https://en.wikipedia.org/wiki/IMac_G5;IMac G5
https://en.wikipedia.org/wiki/IMac_G5;IMac G5
https://en.wikipedia.org/wiki/IPod_Photo;IPod Photo
https://en.wikipedia.org/wiki/Mac_Mini;Mac Mini
https://en.wikipedia.org/wiki/Mac_Mini;Mac Mini
https://en.wikipedia.org/wiki/IPod_Shuffle;IPod Shuffle
https://en.wikipedia.org/wiki/IPod_Shuffle;IPod Shuffle
https://en.wikipedia.org/wiki/IPod_Mini;IPod Mini
https://en.wikipedia.org/wiki/IPod_Mini;IPod Mini
https://en.wikipedia.org/wiki/IPod_Nano;IPod Nano
https://en.wikipedia.org/wiki/IPod_Nano;IPod Nano
https://en.wikipedia.org/wiki/Apple_Mighty_Mouse;Apple Mighty Mouse
https://en.wikipedia.org/wiki/Apple_Mouse;Apple Mouse
https://en.wikipedia.org/wiki/IPod_classic#Fifth_generation;IPod classic
https://en.wikipedia.org/wiki/IPod_Classic;IPod Classic
https://en.wikipedia.org/wiki/Power_Macintosh_G5;Power Macintosh G5
https://en.wikipedia.org/wiki/IMac_(Intel-based);IMac (Intel-based)
https://en.wikipedia.org/wiki/IPod#Accessories;IPod
https://en.wikipedia.org/wiki/IPod#Accessories;IPod
https://en.wikipedia.org/wiki/MacBook_Pro;MacBook Pro
https://en.wikipedia.org/wiki/MacBook_Family;MacBook Family
https://en.wikipedia.org/wiki/Mac_Mini;Mac Mini
https://en.wikipedia.org/wiki/Mac_Mini;Mac Mini
https://en.wikipedia.org/wiki/IPod_Hi-Fi;IPod Hi-Fi
https://en.wikipedia.org/wiki/IPod#Accessories;IPod
https://en.wikipedia.org/wiki/MacBook_Pro;MacBook Pro
https://en.wikipedia.org/wiki/MacBook;MacBook
https://en.wikipedia.org/wiki/Nike%2BiPod;Nike+iPod
https://en.wikipedia.org/wiki/IPod;IPod
https://en.wikipedia.org/wiki/Mac_Pro;Mac Pro
https://en.wikipedia.org/wiki/Mac_Pro;Mac Pro
https://en.wikipedia.org/wiki/Xserve_(Intel);Xserve (Intel)
https://en.wikipedia.org/wiki/Xserve;Xserve
https://en.wikipedia.org/wiki/IMac_(Intel-based);IMac (Intel-based)
https://en.wikipedia.org/wiki/IPod_Shuffle;IPod Shuffle
https://en.wikipedia.org/wiki/IPod_Shuffle;IPod Shuffle
https://en.wikipedia.org/wiki/IPod_Nano;IPod Nano
https://en.wikipedia.org/wiki/IPod_Nano;IPod Nano
https://en.wikipedia.org/wiki/Apple_TV;Apple TV
https://en.wikipedia.org/wiki/Apple_TV;Apple TV
https://en.wikipedia.org/wiki/IPhone_(1st_generation);IPhone (1st generation)
https://en.wikipedia.org/wiki/IPhone;IPhone
https://en.wikipedia.org/wiki/IPhone_(1st_generation);IPhone (1st generation)
https://en.wikipedia.org/wiki/IPhone;IPhone
https://en.wikipedia.org/wiki/Apple_earbuds#iPhone_Bluetooth_Headset;Apple earbuds
https://en.wikipedia.org/wiki/IPod#Accessories;IPod
https://en.wikipedia.org/wiki/IMac_(Intel-based);IMac (Intel-based)
https://en.wikipedia.org/wiki/IMac;IMac
https://en.wikipedia.org/wiki/Apple_Mighty_Mouse;Apple Mighty Mouse
https://en.wikipedia.org/wiki/Apple_Mouse;Apple Mouse
https://en.wikipedia.org/wiki/Apple_Keyboard;Apple Keyboard
https://en.wikipedia.org/wiki/Apple_Keyboard;Apple Keyboard
https://en.wikipedia.org/wiki/Apple_Wireless_Keyboard;Apple Wireless Keyboard
https://en.wikipedia.org/wiki/Apple_Keyboard;Apple Keyboard
https://en.wikipedia.org/wiki/Mac_Mini;Mac Mini
https://en.wikipedia.org/wiki/Mac_Mini;Mac Mini
https://en.wikipedia.org/wiki/IPod_Nano;IPod Nano
https://en.wikipedia.org/wiki/IPod_Nano;IPod Nano
https://en.wikipedia.org/wiki/IPod_Classic;IPod Classic
https://en.wikipedia.org/wiki/IPod_Classic;IPod Classic
https://en.wikipedia.org/wiki/IPod_Touch;IPod Touch
https://en.wikipedia.org/wiki/IPod_Touch;IPod Touch
https://en.wikipedia.org/wiki/Xserve;Xserve
https://en.wikipedia.org/wiki/Xserve;Xserve
https://en.wikipedia.org/wiki/Mac_Pro;Mac Pro
https://en.wikipedia.org/wiki/Mac_Pro;Mac Pro
https://en.wikipedia.org/wiki/MacBook_Air;MacBook Air
https://en.wikipedia.org/wiki/MacBook_Air;MacBook Air
https://en.wikipedia.org/wiki/SuperDrive;SuperDrive
https://en.wikipedia.org/wiki/List_of_Apple_drives;List of Apple drives
https://en.wikipedia.org/wiki/IPhone_(1st_generation);IPhone (1st generation)
https://en.wikipedia.org/wiki/IPhone;IPhone
https://en.wikipedia.org/wiki/MacBook;MacBook
https://en.wikipedia.org/wiki/MacBook;MacBook
https://en.wikipedia.org/wiki/MacBook_Pro;MacBook Pro
https://en.wikipedia.org/wiki/MacBook_Pro;MacBook Pro
https://en.wikipedia.org/wiki/MacBook_Pro;MacBook Pro
https://en.wikipedia.org/wiki/MacBook_Pro;MacBook Pro
https://en.wikipedia.org/wiki/IPod_Touch;IPod Touch
https://en.wikipedia.org/wiki/IPod_Touch;IPod Touch
https://en.wikipedia.org/wiki/Apple_Time_Capsule;Apple Time Capsule
https://en.wikipedia.org/wiki/AirPort;AirPort
https://en.wikipedia.org/wiki/List_of_Apple_drives;List of Apple drives
https://en.wikipedia.org/wiki/AirPort_Express;AirPort Express
https://en.wikipedia.org/wiki/AirPort_Express;AirPort Express
https://en.wikipedia.org/wiki/IMac_(Intel-based);IMac (Intel-based)
https://en.wikipedia.org/wiki/IMac_(Intel-based);IMac (Intel-based)
https://en.wikipedia.org/wiki/IPhone_3G;IPhone 3G
https://en.wikipedia.org/wiki/IPhone;IPhone
https://en.wikipedia.org/wiki/IPhone_3G;IPhone 3G
https://en.wikipedia.org/wiki/IPhone;IPhone
https://en.wikipedia.org/wiki/IPod_Nano;IPod Nano
https://en.wikipedia.org/wiki/IPod_Nano;IPod Nano
https://en.wikipedia.org/wiki/IPod_Classic;IPod Classic
https://en.wikipedia.org/wiki/IPod_Classic;IPod Classic
https://en.wikipedia.org/wiki/IPod_Touch;IPod Touch
https://en.wikipedia.org/wiki/IPod_Touch;IPod Touch
https://en.wikipedia.org/wiki/IPod_Touch;IPod Touch
https://en.wikipedia.org/wiki/IPod_Touch;IPod Touch
https://en.wikipedia.org/wiki/Apple_earbuds;Apple earbuds
https://en.wikipedia.org/wiki/IPod#Accessories;IPod
https://en.wikipedia.org/wiki/MacBook_Air;MacBook Air
https://en.wikipedia.org/wiki/MacBook_Air;MacBook Air
https://en.wikipedia.org/wiki/MacBook;MacBook
https://en.wikipedia.org/wiki/MacBook;MacBook
https://en.wikipedia.org/wiki/MacBook;MacBook
https://en.wikipedia.org/wiki/MacBook;MacBook
https://en.wikipedia.org/wiki/MacBook_Pro;MacBook Pro
https://en.wikipedia.org/wiki/MacBook_Pro;MacBook Pro
https://en.wikipedia.org/wiki/Apple_Cinema_Display#LED_Cinema_Display;Apple Cinema Display
https://en.wikipedia.org/wiki/Apple_displays;Apple displays
https://en.wikipedia.org/wiki/MacBook_Pro;MacBook Pro
https://en.wikipedia.org/wiki/MacBook_Pro;MacBook Pro
https://en.wikipedia.org/wiki/MacBook;MacBook
https://en.wikipedia.org/wiki/MacBook;MacBook
https://en.wikipedia.org/wiki/Mac_Mini;Mac Mini
https://en.wikipedia.org/wiki/Mac_Mini;Mac Mini
https://en.wikipedia.org/wiki/IMac_(Intel-based);IMac (Intel-based)
https://en.wikipedia.org/wiki/IMac;IMac
https://en.wikipedia.org/wiki/Mac_Pro;Mac Pro
https://en.wikipedia.org/wiki/Mac_Pro;Mac Pro
https://en.wikipedia.org/wiki/Apple_Time_Capsule;Apple Time Capsule
https://en.wikipedia.org/wiki/AirPort;AirPort
https://en.wikipedia.org/wiki/List_of_Apple_drives;List of Apple drives
https://en.wikipedia.org/wiki/Apple_Time_Capsule;Apple Time Capsule
https://en.wikipedia.org/wiki/AirPort;AirPort
https://en.wikipedia.org/wiki/List_of_Apple_drives;List of Apple drives
https://en.wikipedia.org/wiki/AirPort_Extreme_802.11n;AirPort Extreme 802.11n
https://en.wikipedia.org/wiki/AirPort;AirPort
https://en.wikipedia.org/wiki/Apple_Keyboard;Apple Keyboard
https://en.wikipedia.org/wiki/Apple_Keyboard;Apple Keyboard
https://en.wikipedia.org/wiki/IPod_Shuffle;IPod Shuffle
https://en.wikipedia.org/wiki/IPod_Shuffle;IPod Shuffle
https://en.wikipedia.org/wiki/Xserve;Xserve
https://en.wikipedia.org/wiki/Xserve;Xserve
https://en.wikipedia.org/wiki/MacBook;MacBook
https://en.wikipedia.org/wiki/MacBook;MacBook
https://en.wikipedia.org/wiki/MacBook_Pro;MacBook Pro
https://en.wikipedia.org/wiki/MacBook_Pro;MacBook Pro
https://en.wikipedia.org/wiki/MacBook_Air;MacBook Air
https://en.wikipedia.org/wiki/MacBook_Air;MacBook Air
https://en.wikipedia.org/wiki/IPhone_3GS;IPhone 3GS
https://en.wikipedia.org/wiki/IPhone;IPhone
https://en.wikipedia.org/wiki/Apple_Time_Capsule;Apple Time Capsule
https://en.wikipedia.org/wiki/AirPort;AirPort
https://en.wikipedia.org/wiki/List_of_Apple_drives;List of Apple drives
https://en.wikipedia.org/wiki/IPod_Nano;IPod Nano
https://en.wikipedia.org/wiki/IPod_Nano;IPod Nano
https://en.wikipedia.org/wiki/IPod_Classic;IPod Classic
https://en.wikipedia.org/wiki/IPod_Classic;IPod Classic
https://en.wikipedia.org/wiki/IPod_Touch;IPod Touch
https://en.wikipedia.org/wiki/IPod_Touch;IPod Touch
https://en.wikipedia.org/wiki/IPod_Shuffle;IPod Shuffle
https://en.wikipedia.org/wiki/IPod_Shuffle;IPod Shuffle
https://en.wikipedia.org/wiki/IMac_(Intel-based);IMac (Intel-based)
https://en.wikipedia.org/wiki/IMac;IMac
https://en.wikipedia.org/wiki/MacBook;MacBook
https://en.wikipedia.org/wiki/MacBook;MacBook
https://en.wikipedia.org/wiki/Mac_Mini;Mac Mini
https://en.wikipedia.org/wiki/Mac_Mini;Mac Mini
https://en.wikipedia.org/wiki/Magic_Mouse;Magic Mouse
https://en.wikipedia.org/wiki/Apple_Mouse;Apple Mouse
https://en.wikipedia.org/wiki/AirPort_Extreme_802.11n;AirPort Extreme 802.11n
https://en.wikipedia.org/wiki/AirPort;AirPort
https://en.wikipedia.org/wiki/AirPort_Time_Capsule;AirPort Time Capsule
https://en.wikipedia.org/wiki/AirPort;AirPort
https://en.wikipedia.org/wiki/List_of_Apple_drives;List of Apple drives
https://en.wikipedia.org/wiki/IPad_(1st_generation);IPad (1st generation)
https://en.wikipedia.org/wiki/IPad;IPad
https://en.wikipedia.org/wiki/MacBook_Pro;MacBook Pro
https://en.wikipedia.org/wiki/MacBook_Pro;MacBook Pro
https://en.wikipedia.org/wiki/IPad_(1st_generation);IPad (1st generation)
https://en.wikipedia.org/wiki/IPad;IPad
https://en.wikipedia.org/wiki/MacBook;MacBook
https://en.wikipedia.org/wiki/MacBook;MacBook
https://en.wikipedia.org/wiki/Mac_Mini;Mac Mini
https://en.wikipedia.org/wiki/Mac_Mini;Mac Mini
https://en.wikipedia.org/wiki/IPhone_3GS;IPhone 3GS
https://en.wikipedia.org/wiki/IPhone;IPhone
https://en.wikipedia.org/wiki/IPhone_4;IPhone 4
https://en.wikipedia.org/wiki/IPhone;IPhone
https://en.wikipedia.org/wiki/IMac;IMac
https://en.wikipedia.org/wiki/IMac;IMac
https://en.wikipedia.org/wiki/Magic_Trackpad;Magic Trackpad
https://en.wikipedia.org/wiki/Touchpad;Touchpad
https://en.wikipedia.org/wiki/Apple_Battery_Charger;Apple Battery Charger
https://en.wikipedia.org/wiki/Apple_Cinema_Display#LED_Cinema_Display;Apple Cinema Display
https://en.wikipedia.org/wiki/Apple_displays;Apple displays
https://en.wikipedia.org/wiki/Mac_Pro;Mac Pro
https://en.wikipedia.org/wiki/Mac_Pro;Mac Pro
https://en.wikipedia.org/wiki/IPod_Touch;IPod Touch
https://en.wikipedia.org/wiki/IPod_Touch;IPod Touch
https://en.wikipedia.org/wiki/IPod_Touch;IPod Touch
https://en.wikipedia.org/wiki/IPod_Touch;IPod Touch
https://en.wikipedia.org/wiki/IPod_Nano;IPod Nano
https://en.wikipedia.org/wiki/IPod_Nano;IPod Nano
https://en.wikipedia.org/wiki/IPod_Shuffle;IPod Shuffle
https://en.wikipedia.org/wiki/IPod_Shuffle;IPod Shuffle
https://en.wikipedia.org/wiki/Apple_TV;Apple TV
https://en.wikipedia.org/wiki/Apple_TV;Apple TV
https://en.wikipedia.org/wiki/MacBook_Air;MacBook Air
https://en.wikipedia.org/wiki/MacBook_Air;MacBook Air
https://en.wikipedia.org/wiki/IPhone_4;IPhone 4
https://en.wikipedia.org/wiki/IPhone;IPhone
https://en.wikipedia.org/wiki/MacBook_Pro;MacBook Pro
https://en.wikipedia.org/wiki/MacBook_Pro;MacBook Pro
https://en.wikipedia.org/wiki/IPad_2;IPad 2
https://en.wikipedia.org/wiki/IPad;IPad
https://en.wikipedia.org/wiki/IPad_2;IPad 2
https://en.wikipedia.org/wiki/IPad;IPad
https://en.wikipedia.org/wiki/IMac;IMac
https://en.wikipedia.org/wiki/IMac;IMac
https://en.wikipedia.org/wiki/AirPort_Extreme_802.11n;AirPort Extreme 802.11n
https://en.wikipedia.org/wiki/AirPort;AirPort
https://en.wikipedia.org/wiki/AirPort_Time_Capsule;AirPort Time Capsule
https://en.wikipedia.org/wiki/AirPort;AirPort
https://en.wikipedia.org/wiki/List_of_Apple_drives;List of Apple drives
https://en.wikipedia.org/wiki/MacBook_Air;MacBook Air
https://en.wikipedia.org/wiki/MacBook_Air;MacBook Air
https://en.wikipedia.org/wiki/Mac_Mini;Mac Mini
https://en.wikipedia.org/wiki/Mac_Mini;Mac Mini
https://en.wikipedia.org/wiki/Apple_Thunderbolt_Display;Apple Thunderbolt Display
https://en.wikipedia.org/wiki/Apple_Displays;Apple Displays
https://en.wikipedia.org/wiki/IPhone_4;IPhone 4
https://en.wikipedia.org/wiki/IPhone;IPhone
https://en.wikipedia.org/wiki/IPhone_4S;IPhone 4S
https://en.wikipedia.org/wiki/IPhone;IPhone
https://en.wikipedia.org/wiki/IPhone_4S;IPhone 4S
https://en.wikipedia.org/wiki/IPhone;IPhone
https://en.wikipedia.org/wiki/MacBook_Pro;MacBook Pro
https://en.wikipedia.org/wiki/MacBook_Pro;MacBook Pro
https://en.wikipedia.org/wiki/IPad_(3rd_generation);IPad (3rd generation)
https://en.wikipedia.org/wiki/IPad;IPad
https://en.wikipedia.org/wiki/Apple_TV;Apple TV
https://en.wikipedia.org/wiki/Apple_TV;Apple TV
https://en.wikipedia.org/wiki/Mac_Pro;Mac Pro
https://en.wikipedia.org/wiki/Mac_Pro;Mac Pro
https://en.wikipedia.org/wiki/MacBook_Air;MacBook Air
https://en.wikipedia.org/wiki/MacBook_Air;MacBook Air
https://en.wikipedia.org/wiki/MacBook_Pro;MacBook Pro
https://en.wikipedia.org/wiki/MacBook_Pro;MacBook Pro
https://en.wikipedia.org/wiki/MacBook_Pro;MacBook Pro
https://en.wikipedia.org/wiki/MacBook_Pro;MacBook Pro
https://en.wikipedia.org/wiki/AirPort_Express;AirPort Express
https://en.wikipedia.org/wiki/AirPort_Express;AirPort Express
https://en.wikipedia.org/wiki/Apple_earbuds;Apple earbuds
https://en.wikipedia.org/wiki/IPod#Accessories;IPod
https://en.wikipedia.org/wiki/IPod_Touch;IPod Touch
https://en.wikipedia.org/wiki/IPod_Touch;IPod Touch
https://en.wikipedia.org/wiki/IPhone_5;IPhone 5
https://en.wikipedia.org/wiki/IPhone;IPhone
https://en.wikipedia.org/wiki/IPod_Touch;IPod Touch
https://en.wikipedia.org/wiki/IPod_Touch;IPod Touch
https://en.wikipedia.org/wiki/IPod_Nano;IPod Nano
https://en.wikipedia.org/wiki/IPod_Nano;IPod Nano
https://en.wikipedia.org/wiki/Mac_Mini;Mac Mini
https://en.wikipedia.org/wiki/Mac_Mini;Mac Mini
https://en.wikipedia.org/wiki/MacBook_Pro;MacBook Pro
https://en.wikipedia.org/wiki/MacBook_Pro;MacBook Pro
https://en.wikipedia.org/wiki/IPad_Mini_(1st_generation);IPad Mini (1st generation)
https://en.wikipedia.org/wiki/IPad;IPad
https://en.wikipedia.org/wiki/IPad_Mini_(1st_generation);IPad Mini (1st generation)
https://en.wikipedia.org/wiki/IPad;IPad
https://en.wikipedia.org/wiki/IPad_(4th_generation);IPad (4th generation)
https://en.wikipedia.org/wiki/IPad;IPad
https://en.wikipedia.org/wiki/IPad_(4th_generation);IPad (4th generation)
https://en.wikipedia.org/wiki/IPad;IPad
https://en.wikipedia.org/wiki/IPad_Mini;IPad Mini
https://en.wikipedia.org/wiki/IPad;IPad
https://en.wikipedia.org/wiki/IPad_Mini;IPad Mini
https://en.wikipedia.org/wiki/IPad;IPad
https://en.wikipedia.org/wiki/IPad_(4th_generation);IPad (4th generation)
https://en.wikipedia.org/wiki/IPad;IPad
https://en.wikipedia.org/wiki/IPad_(4th_generation);IPad (4th generation)
https://en.wikipedia.org/wiki/IPad;IPad
https://en.wikipedia.org/wiki/IMac;IMac
https://en.wikipedia.org/wiki/IMac;IMac
https://en.wikipedia.org/wiki/IMac;IMac
https://en.wikipedia.org/wiki/IMac;IMac
https://en.wikipedia.org/wiki/Apple_TV;Apple TV
https://en.wikipedia.org/wiki/Apple_TV;Apple TV
https://en.wikipedia.org/wiki/MacBook_Pro;MacBook Pro
https://en.wikipedia.org/wiki/MacBook_Pro;MacBook Pro
https://en.wikipedia.org/wiki/IPod_Touch;IPod Touch
https://en.wikipedia.org/wiki/IPod_Touch;IPod Touch
https://en.wikipedia.org/wiki/AirPort_Extreme;AirPort Extreme
https://en.wikipedia.org/wiki/AirPort;AirPort
https://en.wikipedia.org/wiki/AirPort_Time_Capsule;AirPort Time Capsule
https://en.wikipedia.org/wiki/AirPort;AirPort
https://en.wikipedia.org/wiki/List_of_Apple_drives;List of Apple drives
https://en.wikipedia.org/wiki/MacBook_Air;MacBook Air
https://en.wikipedia.org/wiki/MacBook_Air;MacBook Air
https://en.wikipedia.org/wiki/IPhone_4S;IPhone 4S
https://en.wikipedia.org/wiki/IPhone;IPhone
https://en.wikipedia.org/wiki/IPhone_5C;IPhone 5C
https://en.wikipedia.org/wiki/IPhone;IPhone
https://en.wikipedia.org/wiki/IPhone_5S;IPhone 5S
https://en.wikipedia.org/wiki/IPhone;IPhone
https://en.wikipedia.org/wiki/IPhone_5S;IPhone 5S
https://en.wikipedia.org/wiki/IPhone;IPhone
https://en.wikipedia.org/wiki/IMac;IMac
https://en.wikipedia.org/wiki/IMac;IMac
https://en.wikipedia.org/wiki/IMac;IMac
https://en.wikipedia.org/wiki/IMac;IMac
https://en.wikipedia.org/wiki/MacBook_Pro;MacBook Pro
https://en.wikipedia.org/wiki/MacBook_Pro;MacBook Pro
https://en.wikipedia.org/wiki/IPad_Air;IPad Air
https://en.wikipedia.org/wiki/IPad;IPad
https://en.wikipedia.org/wiki/IPad_Air;IPad Air
https://en.wikipedia.org/wiki/IPad;IPad
https://en.wikipedia.org/wiki/IPad_Mini_2;IPad Mini 2
https://en.wikipedia.org/wiki/IPad;IPad
https://en.wikipedia.org/wiki/IPad_Mini_2;IPad Mini 2
https://en.wikipedia.org/wiki/IPad;IPad
https://en.wikipedia.org/wiki/IPad_Mini_2;IPad Mini 2
https://en.wikipedia.org/wiki/IPad;IPad
https://en.wikipedia.org/wiki/Mac_Pro;Mac Pro
https://en.wikipedia.org/wiki/Mac_Pro;Mac Pro
https://en.wikipedia.org/wiki/IPhone_5C;IPhone 5C
https://en.wikipedia.org/wiki/IPhone;IPhone
https://en.wikipedia.org/wiki/MacBook_Air;MacBook Air
https://en.wikipedia.org/wiki/MacBook_Air;MacBook Air
https://en.wikipedia.org/wiki/IMac;IMac
https://en.wikipedia.org/wiki/IMac;IMac
https://en.wikipedia.org/wiki/IPod_Touch;IPod Touch
https://en.wikipedia.org/wiki/IPod_Touch;IPod Touch
https://en.wikipedia.org/wiki/MacBook_Pro;MacBook Pro
https://en.wikipedia.org/wiki/MacBook_Pro;MacBook Pro
https://en.wikipedia.org/wiki/IPhone_6;IPhone 6
https://en.wikipedia.org/wiki/IPhone;IPhone
https://en.wikipedia.org/wiki/IPhone_6_Plus;IPhone 6 Plus
https://en.wikipedia.org/wiki/IPhone;IPhone
https://en.wikipedia.org/wiki/IPhone_6;IPhone 6
https://en.wikipedia.org/wiki/IPhone;IPhone
https://en.wikipedia.org/wiki/IPhone_6_Plus;IPhone 6 Plus
https://en.wikipedia.org/wiki/IPhone;IPhone
https://en.wikipedia.org/wiki/IMac;IMac
https://en.wikipedia.org/wiki/IMac;IMac
https://en.wikipedia.org/wiki/Mac_Mini;Mac Mini
https://en.wikipedia.org/wiki/Mac_Mini;Mac Mini
https://en.wikipedia.org/wiki/IPad_Air_2;IPad Air 2
https://en.wikipedia.org/wiki/IPad;IPad
https://en.wikipedia.org/wiki/IPad_Air_2;IPad Air 2
https://en.wikipedia.org/wiki/IPad;IPad
https://en.wikipedia.org/wiki/IPad_Mini_3;IPad Mini 3
https://en.wikipedia.org/wiki/IPad;IPad
https://en.wikipedia.org/wiki/MacBook_Air;MacBook Air
https://en.wikipedia.org/wiki/MacBook_Air;MacBook Air
https://en.wikipedia.org/wiki/MacBook_Air;MacBook Air
https://en.wikipedia.org/wiki/MacBook_Air;MacBook Air
https://en.wikipedia.org/wiki/MacBook_Pro;MacBook Pro
https://en.wikipedia.org/wiki/MacBook_Pro;MacBook Pro
https://en.wikipedia.org/wiki/MacBook_(2015_version);MacBook (2015 version)
https://en.wikipedia.org/wiki/MacBook;MacBook
https://en.wikipedia.org/wiki/Apple_Watch;Apple Watch
https://en.wikipedia.org/wiki/Apple_Watch;Apple Watch
https://en.wikipedia.org/wiki/Apple_Watch_Sport;Apple Watch Sport
https://en.wikipedia.org/wiki/Apple_Watch;Apple Watch
https://en.wikipedia.org/wiki/Apple_Watch_Edition;Apple Watch Edition
https://en.wikipedia.org/wiki/Apple_Watch;Apple Watch
https://en.wikipedia.org/wiki/MacBook_Pro;MacBook Pro
https://en.wikipedia.org/wiki/MacBook_Pro;MacBook Pro
https://en.wikipedia.org/wiki/IMac;IMac
https://en.wikipedia.org/wiki/IMac;IMac
https://en.wikipedia.org/wiki/IPod_Touch;IPod Touch
https://en.wikipedia.org/wiki/IPod_Touch;IPod Touch
https://en.wikipedia.org/wiki/IPod_Touch;IPod Touch
https://en.wikipedia.org/wiki/IPod_Touch;IPod Touch
https://en.wikipedia.org/wiki/IPad_Mini_4;IPad Mini 4
https://en.wikipedia.org/wiki/IPad;IPad
https://en.wikipedia.org/wiki/IPad_Mini_4;IPad Mini 4
https://en.wikipedia.org/wiki/IPad;IPad
https://en.wikipedia.org/wiki/IPad_Mini_4;IPad Mini 4
https://en.wikipedia.org/wiki/IPad;IPad
https://en.wikipedia.org/wiki/IPhone_6S;IPhone 6S
https://en.wikipedia.org/wiki/IPhone;IPhone
https://en.wikipedia.org/wiki/IPhone_6S;IPhone 6S
https://en.wikipedia.org/wiki/IPhone;IPhone
https://en.wikipedia.org/wiki/IPhone_6S;IPhone 6S
https://en.wikipedia.org/wiki/IPhone;IPhone
https://en.wikipedia.org/wiki/IPhone_6S;IPhone 6S
https://en.wikipedia.org/wiki/IPhone;IPhone
https://en.wikipedia.org/wiki/IMac;IMac
https://en.wikipedia.org/wiki/IMac;IMac
https://en.wikipedia.org/wiki/IMac;IMac
https://en.wikipedia.org/wiki/IMac;IMac
https://en.wikipedia.org/wiki/Magic_Mouse_2;Magic Mouse 2
https://en.wikipedia.org/wiki/Apple_Mouse;Apple Mouse
https://en.wikipedia.org/wiki/Magic_Trackpad_2;Magic Trackpad 2
https://en.wikipedia.org/wiki/Touchpad;Touchpad
https://en.wikipedia.org/wiki/Magic_Keyboard;Magic Keyboard
https://en.wikipedia.org/wiki/Apple_keyboards;Apple keyboards
https://en.wikipedia.org/wiki/Apple_TV;Apple TV
https://en.wikipedia.org/wiki/Apple_TV;Apple TV
https://en.wikipedia.org/wiki/Apple_TV;Apple TV
https://en.wikipedia.org/wiki/Apple_TV;Apple TV
https://en.wikipedia.org/wiki/IPad_Pro;IPad Pro
https://en.wikipedia.org/wiki/IPad;IPad
https://en.wikipedia.org/wiki/Apple_Pencil;Apple Pencil
https://en.wikipedia.org/wiki/IPad;IPad
https://en.wikipedia.org/wiki/IPad_Pro;IPad Pro
https://en.wikipedia.org/wiki/IPad;IPad
https://en.wikipedia.org/wiki/IPhone_SE;IPhone SE
https://en.wikipedia.org/wiki/IPhone;IPhone
https://en.wikipedia.org/wiki/IPad_Pro;IPad Pro
https://en.wikipedia.org/wiki/IPad;IPad
https://en.wikipedia.org/wiki/MacBook_(2015_version);MacBook (2015 version)
https://en.wikipedia.org/wiki/MacBook;MacBook
https://en.wikipedia.org/wiki/IPad_Air_2;IPad Air 2
https://en.wikipedia.org/wiki/IPad;IPad
https://en.wikipedia.org/wiki/IPhone_7;IPhone 7
https://en.wikipedia.org/wiki/IPhone;IPhone
https://en.wikipedia.org/wiki/IPhone_7;IPhone 7
https://en.wikipedia.org/wiki/IPhone;IPhone
https://en.wikipedia.org/wiki/IPhone_7;IPhone 7
https://en.wikipedia.org/wiki/IPhone;IPhone
https://en.wikipedia.org/wiki/IPhone_7;IPhone 7
https://en.wikipedia.org/wiki/IPhone;IPhone
https://en.wikipedia.org/wiki/Apple_earbuds;Apple earbuds
https://en.wikipedia.org/wiki/IPod#Accessories;IPod
https://en.wikipedia.org/wiki/IPhone_6S;IPhone 6S
https://en.wikipedia.org/wiki/IPhone;IPhone
https://en.wikipedia.org/wiki/IPhone_6S_Plus;IPhone 6S Plus
https://en.wikipedia.org/wiki/IPhone;IPhone
https://en.wikipedia.org/wiki/Apple_Watch_Series_1;Apple Watch Series 1
https://en.wikipedia.org/wiki/Apple_Watch;Apple Watch
https://en.wikipedia.org/wiki/Apple_Watch_Series_2;Apple Watch Series 2
https://en.wikipedia.org/wiki/Apple_Watch;Apple Watch
https://en.wikipedia.org/wiki/Apple_Watch_Series_2;Apple Watch Series 2
https://en.wikipedia.org/wiki/Apple_Watch;Apple Watch
https://en.wikipedia.org/wiki/Apple_Watch_Series_2;Apple Watch Series 2
https://en.wikipedia.org/wiki/Apple_Watch;Apple Watch
https://en.wikipedia.org/wiki/MacBook_Pro;MacBook Pro
https://en.wikipedia.org/wiki/MacBook_Pro;MacBook Pro
https://en.wikipedia.org/wiki/MacBook_Pro;MacBook Pro
https://en.wikipedia.org/wiki/MacBook_Pro;MacBook Pro
https://en.wikipedia.org/wiki/MacBook_Pro;MacBook Pro
https://en.wikipedia.org/wiki/MacBook_Pro;MacBook Pro
https://en.wikipedia.org/wiki/Apple_Watch_Series_2;Apple Watch Series 2
https://en.wikipedia.org/wiki/Apple_Watch;Apple Watch
https://en.wikipedia.org/wiki/AirPods;AirPods
https://en.wikipedia.org/wiki/IPod#Accessories;IPod
https://en.wikipedia.org/wiki/IPhone_SE;IPhone SE
https://en.wikipedia.org/wiki/IPhone;IPhone
https://en.wikipedia.org/wiki/IPad_(2017);IPad (2017)
https://en.wikipedia.org/wiki/IPad;IPad
https://en.wikipedia.org/wiki/IPad_Pro;IPad Pro
https://en.wikipedia.org/wiki/IPad;IPad
https://en.wikipedia.org/wiki/IPad_Pro;IPad Pro
https://en.wikipedia.org/wiki/IPad;IPad
https://en.wikipedia.org/wiki/MacBook_Air;MacBook Air
https://en.wikipedia.org/wiki/MacBook_Air;MacBook Air
https://en.wikipedia.org/wiki/MacBook_(2015_version);MacBook (2015 version)
https://en.wikipedia.org/wiki/MacBook;MacBook
https://en.wikipedia.org/wiki/MacBook_Pro;MacBook Pro
https://en.wikipedia.org/wiki/MacBook_Pro;MacBook Pro
https://en.wikipedia.org/wiki/MacBook_Pro;MacBook Pro
https://en.wikipedia.org/wiki/MacBook_Pro;MacBook Pro
https://en.wikipedia.org/wiki/MacBook_Pro;MacBook Pro
https://en.wikipedia.org/wiki/MacBook_Pro;MacBook Pro
https://en.wikipedia.org/wiki/IMac;IMac
https://en.wikipedia.org/wiki/IMac;IMac
https://en.wikipedia.org/wiki/IMac;IMac
https://en.wikipedia.org/wiki/IMac;IMac
https://en.wikipedia.org/wiki/IMac;IMac
https://en.wikipedia.org/wiki/IMac;IMac
https://en.wikipedia.org/wiki/Apple_Keyboard;Apple Keyboard
https://en.wikipedia.org/wiki/Apple_Keyboard;Apple Keyboard
https://en.wikipedia.org/wiki/Apple_TV_4K;Apple TV 4K
https://en.wikipedia.org/wiki/Apple_TV;Apple TV
https://en.wikipedia.org/wiki/Apple_Watch_Series_3;Apple Watch Series 3
https://en.wikipedia.org/wiki/Apple_Watch;Apple Watch
https://en.wikipedia.org/wiki/Apple_Watch_Series_3;Apple Watch Series 3
https://en.wikipedia.org/wiki/Apple_Watch;Apple Watch
https://en.wikipedia.org/wiki/Apple_Watch_Series_3;Apple Watch Series 3
https://en.wikipedia.org/wiki/Apple_Watch;Apple Watch
https://en.wikipedia.org/wiki/Apple_Watch_Series_3;Apple Watch Series 3
https://en.wikipedia.org/wiki/Apple_Watch;Apple Watch
https://en.wikipedia.org/wiki/IPhone_8;IPhone 8
https://en.wikipedia.org/wiki/IPhone;IPhone
https://en.wikipedia.org/wiki/IPhone_8;IPhone 8
https://en.wikipedia.org/wiki/IPhone;IPhone
https://en.wikipedia.org/wiki/IPhone_8;IPhone 8
https://en.wikipedia.org/wiki/IPhone;IPhone
https://en.wikipedia.org/wiki/IPhone_8;IPhone 8
https://en.wikipedia.org/wiki/IPhone;IPhone
https://en.wikipedia.org/wiki/IPhone_X;IPhone X
https://en.wikipedia.org/wiki/IPhone;IPhone
https://en.wikipedia.org/wiki/IMac_Pro;IMac Pro
https://en.wikipedia.org/wiki/IMac;IMac
https://en.wikipedia.org/wiki/HomePod;HomePod
https://en.wikipedia.org/wiki/HomePod;HomePod
https://en.wikipedia.org/wiki/IPad_(2018);IPad (2018)
https://en.wikipedia.org/wiki/IPad;IPad
https://en.wikipedia.org/wiki/MacBook_Pro;MacBook Pro
https://en.wikipedia.org/wiki/MacBook_Pro;MacBook Pro
https://en.wikipedia.org/wiki/MacBook_Pro;MacBook Pro
https://en.wikipedia.org/wiki/MacBook_Pro;MacBook Pro
https://en.wikipedia.org/wiki/Apple_Watch_Series_4;Apple Watch Series 4
https://en.wikipedia.org/wiki/Apple_Watch;Apple Watch
https://en.wikipedia.org/wiki/Apple_Watch_Series_4;Apple Watch Series 4
https://en.wikipedia.org/wiki/Apple_Watch;Apple Watch
https://en.wikipedia.org/wiki/Apple_Watch_Series_4;Apple Watch Series 4
https://en.wikipedia.org/wiki/Apple_Watch;Apple Watch
https://en.wikipedia.org/wiki/IPhone_XS;IPhone XS
https://en.wikipedia.org/wiki/IPhone;IPhone
https://en.wikipedia.org/wiki/IPhone_XS;IPhone XS
https://en.wikipedia.org/wiki/IPhone;IPhone
https://en.wikipedia.org/wiki/IPhone_XR;IPhone XR
https://en.wikipedia.org/wiki/IPhone;IPhone
https://en.wikipedia.org/wiki/IPhone_XR;IPhone XR
https://en.wikipedia.org/wiki/IPhone;IPhone
https://en.wikipedia.org/wiki/Apple_Pencil;Apple Pencil
https://en.wikipedia.org/wiki/IPad;IPad
https://en.wikipedia.org/wiki/IPad_Pro;IPad Pro
https://en.wikipedia.org/wiki/IPad;IPad
https://en.wikipedia.org/wiki/IPad_Pro;IPad Pro
https://en.wikipedia.org/wiki/IPad;IPad
https://en.wikipedia.org/wiki/MacBook_Air;MacBook Air
https://en.wikipedia.org/wiki/MacBook_Air;MacBook Air
https://en.wikipedia.org/wiki/Mac_Mini;Mac Mini
https://en.wikipedia.org/wiki/Mac_Mini;Mac Mini
https://en.wikipedia.org/wiki/IPad_Air_(2019);IPad Air (2019)
https://en.wikipedia.org/wiki/IPad;IPad
https://en.wikipedia.org/wiki/IPad_Mini_(5th_generation);IPad Mini (5th generation)
https://en.wikipedia.org/wiki/IPad;IPad
https://en.wikipedia.org/wiki/IMac;IMac
https://en.wikipedia.org/wiki/IMac;IMac
https://en.wikipedia.org/wiki/IMac;IMac
https://en.wikipedia.org/wiki/IMac;IMac
https://en.wikipedia.org/wiki/AirPods;AirPods
https://en.wikipedia.org/wiki/IPod#Accessories;IPod
https://en.wikipedia.org/wiki/MacBook_Pro;MacBook Pro
https://en.wikipedia.org/wiki/MacBook_Pro;MacBook Pro
https://en.wikipedia.org/wiki/MacBook_Pro;MacBook Pro
https://en.wikipedia.org/wiki/MacBook_Pro;MacBook Pro
https://en.wikipedia.org/wiki/IPod_Touch;IPod Touch
https://en.wikipedia.org/wiki/IPod_Touch;IPod Touch
https://en.wikipedia.org/wiki/MacBook_Air;MacBook Air
https://en.wikipedia.org/wiki/MacBook_Air;MacBook Air
https://en.wikipedia.org/wiki/Macbook_Pro;Macbook Pro
https://en.wikipedia.org/wiki/MacBook_Pro;MacBook Pro
https://en.wikipedia.org/wiki/Apple_Watch_Series_5;Apple Watch Series 5
https://en.wikipedia.org/wiki/Apple_Watch;Apple Watch
https://en.wikipedia.org/wiki/Apple_Watch_Series_5;Apple Watch Series 5
https://en.wikipedia.org/wiki/Apple_Watch;Apple Watch
https://en.wikipedia.org/wiki/Apple_Watch_Series_5;Apple Watch Series 5
https://en.wikipedia.org/wiki/Apple_Watch;Apple Watch
https://en.wikipedia.org/wiki/Apple_Watch_Series_5;Apple Watch Series 5
https://en.wikipedia.org/wiki/Apple_Watch;Apple Watch
https://en.wikipedia.org/wiki/IPhone_8;IPhone 8
https://en.wikipedia.org/wiki/IPhone;IPhone
https://en.wikipedia.org/wiki/IPhone_8;IPhone 8
https://en.wikipedia.org/wiki/IPhone;IPhone
https://en.wikipedia.org/wiki/IPhone_11;IPhone 11
https://en.wikipedia.org/wiki/IPhone;IPhone
https://en.wikipedia.org/wiki/IPhone_11_Pro;IPhone 11 Pro
https://en.wikipedia.org/wiki/IPhone;IPhone
https://en.wikipedia.org/wiki/IPhone_11_Pro;IPhone 11 Pro
https://en.wikipedia.org/wiki/IPhone;IPhone
https://en.wikipedia.org/wiki/IPad_(2019);IPad (2019)
https://en.wikipedia.org/wiki/IPad;IPad
https://en.wikipedia.org/wiki/AirPods_Pro;AirPods Pro
https://en.wikipedia.org/wiki/IPod#Accessories;IPod
https://en.wikipedia.org/wiki/MacBook_Pro;MacBook Pro
https://en.wikipedia.org/wiki/MacBook_Pro;MacBook Pro
https://en.wikipedia.org/wiki/Mac_Pro#3rd_generation_(Tower_and_USB-C);Mac Pro
https://en.wikipedia.org/wiki/Mac_Pro;Mac Pro
https://en.wikipedia.org/wiki/Apple_Pro_Display_XDR;Apple Pro Display XDR
https://en.wikipedia.org/wiki/Apple_displays;Apple displays
https://en.wikipedia.org/wiki/IPad_Pro#Fourth_generation;IPad Pro
https://en.wikipedia.org/wiki/IPad;IPad
https://en.wikipedia.org/wiki/Magic_Keyboard_for_iPad_Pro;Magic Keyboard for iPad Pro
https://en.wikipedia.org/wiki/Apple_keyboards;Apple keyboards
https://en.wikipedia.org/wiki/MacBook_Air;MacBook Air
https://en.wikipedia.org/wiki/MacBook_Air;MacBook Air
https://en.wikipedia.org/wiki/Mac_Mini;Mac Mini
https://en.wikipedia.org/wiki/Mac_Mini;Mac Mini